88,0.5903614457831325,0.5833333333333334,0.5975609756097561,0.5833333333333334,0.5975609756097561,0.5764705882352941,0.5632183908045977,0.5975609756097561,0.550561797752809,0.5764705882352941,0.5764705882352941,0.5903614457831325,0.5975609756097561,0.5697674418604651,0.5764705882352941,0.5975609756097561,0.5975609756097561,0.5833333333333334,0.5833333333333334,0.5764705882352941,0.5903614457831325,0.5975609756097561,0.6049382716049383,0.5764705882352941,0.5764705882352941,0.5764705882352941,1.0,0.6049382716049383,0.7205882352941176,0.8909090909090909,0.6049382716049383,0.5975609756097561,0.7,1.0,0.6363636363636364,0.875,0.8596491228070176,0.6447368421052632,0.8909090909090909,0.6901408450704225,0.9074074074074074,0.98,0.98,0.9074074074074074,0.620253164556962,0.8166666666666667,0.8909090909090909,0.9607843137254902,0.5975609756097561,0.5975609756097561
82,0.5764705882352941,0.5975609756097561,0.6049382716049383,0.6049382716049383,0.6125,0.5764705882352941,0.5568181818181818,0.5903614457831325,0.5697674418604651,0.5568181818181818,0.6282051282051282,0.5764705882352941,0.5975609756097561,0.5764705882352941,0.5697674418604651,0.5975609756097561,0.6049382716049383,0.5632183908045977,0.620253164556962,0.5764705882352941,0.5975609756097561,0.5903614457831325,0.6125,0.5764705882352941,0.6049382716049383,0.6049382716049383,1.0,0.6049382716049383,0.7424242424242424,0.8909090909090909,0.6125,0.5975609756097561,0.7,1.0,0.6447368421052632,0.875,0.8909090909090909,0.6621621621621622,0.9074074074074074,0.7205882352941176,0.9245283018867925,0.98,0.9607843137254902,0.9074074074074074,0.6282051282051282,0.8166666666666667,0.9074074074074074,0.9607843137254902,0.6125,0.6049382716049383
8,0.5975609756097561,0.5764705882352941,0.5764705882352941,0.5903614457831325,0.6049382716049383,0.5632183908045977,0.5632183908045977,0.5833333333333334,0.5568181818181818,0.5632183908045977,0.620253164556962,0.5764705882352941,0.5764705882352941,0.5697674418604651,0.5444444444444444,0.5975609756097561,0.5975609756097561,0.5764705882352941,0.5903614457831325,0.5833333333333334,0.5975609756097561,0.5903614457831325,0.5975609756097561,0.5903614457831325,0.5833333333333334,0.5833333333333334,0.98,0.6049382716049383,0.7313432835820896,0.9074074074074074,0.620253164556962,0.5975609756097561,0.6901408450704225,0.98,0.620253164556962,0.8596491228070176,0.875,0.6533333333333333,0.9074074074074074,0.7313432835820896,0.9074074074074074,0.9607843137254902,0.9607843137254902,0.8909090909090909,0.6447368421052632,0.8305084745762712,0.9074074074074074,0.98,0.5975609756097561,0.5975609756097561
2,0.5632183908045977,0.5764705882352941,0.5764705882352941,0.6049382716049383,0.6049382716049383,0.5903614457831325,0.5632183908045977,0.5833333333333334,0.5632183908045977,0.5764705882352941,0.5975609756097561,0.5833333333333334,0.5764705882352941,0.5697674418604651,0.5697674418604651,0.6125,0.5975609756097561,0.5903614457831325,0.5975609756097561,0.550561797752809,0.5975609756097561,0.620253164556962,0.6125,0.620253164556962,0.5833333333333334,0.5833333333333334,0.98,0.620253164556962,0.7424242424242424,0.8909090909090909,0.6125,0.6125,0.6901408450704225,0.98,0.6363636363636364,0.8596491228070176,0.8596491228070176,0.6447368421052632,0.9074074074074074,0.7,0.8909090909090909,0.9607843137254902,0.9607843137254902,0.9074074074074074,0.620253164556962,0.8305084745762712,0.9074074074074074,0.9607843137254902,0.6125,0.5975609756097561
81,0.5764705882352941,0.5903614457831325,0.5975609756097561,0.5975609756097561,0.6125,0.5764705882352941,0.5568181818181818,0.5833333333333334,0.5568181818181818,0.5632183908045977,0.6049382716049383,0.5833333333333334,0.5764705882352941,0.5697674418604651,0.5444444444444444,0.620253164556962,0.620253164556962,0.5833333333333334,0.5975609756097561,0.5384615384615384,0.6049382716049383,0.620253164556962,0.6125,0.5632183908045977,0.5764705882352941,0.5764705882352941,0.9607843137254902,0.6125,0.7205882352941176,0.8909090909090909,0.6125,0.620253164556962,0.7101449275362319,0.9607843137254902,0.6282051282051282,0.8596491228070176,0.8596491228070176,0.6621621621621622,0.9074074074074074,0.6901408450704225,0.9074074074074074,0.9423076923076923,0.9423076923076923,0.8596491228070176,0.6282051282051282,0.8305084745762712,0.9074074074074074,0.9607843137254902,0.6125,0.620253164556962
4,0.5833333333333334,0.5833333333333334,0.5833333333333334,0.5903614457831325,0.6049382716049383,0.5764705882352941,0.5632183908045977,0.5903614457831325,0.5568181818181818,0.5697674418604651,0.6363636363636364,0.5764705882352941,0.5764705882352941,0.5697674418604651,0.6125,0.6363636363636364,0.6125,0.5764705882352941,0.5903614457831325,0.5444444444444444,0.620253164556962,0.5975609756097561,0.6447368421052632,0.5764705882352941,0.5975609756097561,0.5975609756097561,0.98,0.6049382716049383,0.7424242424242424,0.8909090909090909,0.620253164556962,0.6363636363636364,0.7101449275362319,0.98,0.6621621621621622,0.875,0.8596491228070176,0.6363636363636364,0.9074074074074074,0.7313432835820896,0.9074074074074074,0.9607843137254902,0.9607843137254902,0.9074074074074074,0.620253164556962,0.8448275862068966,0.9245283018867925,0.9607843137254902,0.6447368421052632,0.6125
0,0.5764705882352941,0.5764705882352941,0.5833333333333334,0.5903614457831325,0.6049382716049383,0.5833333333333334,0.5632183908045977,0.6049382716049383,0.550561797752809,0.5568181818181818,0.5764705882352941,0.5833333333333334,0.5764705882352941,0.5833333333333334,0.550561797752809,0.5975609756097561,0.6049382716049383,0.5764705882352941,0.5903614457831325,0.5697674418604651,0.6125,0.5903614457831325,0.6049382716049383,0.5903614457831325,0.6049382716049383,0.6049382716049383,0.98,0.620253164556962,0.7313432835820896,0.8909090909090909,0.6125,0.5975609756097561,0.6901408450704225,0.98,0.6447368421052632,0.875,0.8596491228070176,0.6447368421052632,0.9074074074074074,0.7205882352941176,0.9074074074074074,0.98,0.9607843137254902,0.875,0.6049382716049383,0.8448275862068966,0.8909090909090909,0.98,0.6049382716049383,0.6049382716049383
76,0.5697674418604651,0.5764705882352941,0.5764705882352941,0.5975609756097561,0.6049382716049383,0.5764705882352941,0.5568181818181818,0.5903614457831325,0.5833333333333334,0.5632183908045977,0.6282051282051282,0.5764705882352941,0.5764705882352941,0.5697674418604651,0.5632183908045977,0.5975609756097561,0.6282051282051282,0.5764705882352941,0.6049382716049383,0.5764705882352941,0.5903614457831325,0.5975609756097561,0.5975609756097561,0.5833333333333334,0.5903614457831325,0.5903614457831325,0.98,0.6125,0.7205882352941176,0.8909090909090909,0.6125,0.5975609756097561,0.6901408450704225,0.98,0.620253164556962,0.875,0.8596491228070176,0.6447368421052632,0.9074074074074074,0.7101449275362319,0.9245283018867925,0.9607843137254902,0.98,0.9074074074074074,0.6282051282051282,0.8305084745762712,0.8909090909090909,0.98,0.5975609756097561,0.6282051282051282
1,0.6125,0.5903614457831325,0.5903614457831325,0.5833333333333334,0.5975609756097561,0.5833333333333334,0.5568181818181818,0.5975609756097561,0.550561797752809,0.5697674418604651,0.5975609756097561,0.5903614457831325,0.5833333333333334,0.5764705882352941,0.5764705882352941,0.5975609756097561,0.620253164556962,0.5833333333333334,0.5764705882352941,0.5697674418604651,0.6125,0.6125,0.6049382716049383,0.5833333333333334,0.5764705882352941,0.5764705882352941,1.0,0.5975609756097561,0.7313432835820896,0.8909090909090909,0.620253164556962,0.5975609756097561,0.7,1.0,0.6447368421052632,0.875,0.875,0.6621621621621622,0.9074074074074074,0.7,0.9245283018867925,0.98,0.98,0.8909090909090909,0.620253164556962,0.8166666666666667,0.8909090909090909,0.98,0.6049382716049383,0.620253164556962
90,0.5632183908045977,0.5764705882352941,0.5833333333333334,0.6049382716049383,0.6049382716049383,0.5975609756097561,0.5568181818181818,0.5903614457831325,0.550561797752809,0.5384615384615384,0.6363636363636364,0.5764705882352941,0.5764705882352941,0.5833333333333334,0.5833333333333334,0.6049382716049383,0.620253164556962,0.5833333333333334,0.5903614457831325,0.5764705882352941,0.6125,0.5903614457831325,0.5975609756097561,0.5697674418604651,0.5833333333333334,0.5833333333333334,0.98,0.6049382716049383,0.7313432835820896,0.8909090909090909,0.6282051282051282,0.6049382716049383,0.7205882352941176,1.0,0.6282051282051282,0.8596491228070176,0.875,0.6533333333333333,0.9074074074074074,0.7,0.9245283018867925,0.98,0.9607843137254902,0.8909090909090909,0.6049382716049383,0.8305084745762712,0.9074074074074074,0.98,0.5975609756097561,0.620253164556962
28,0.5764705882352941,0.5903614457831325,0.5903614457831325,0.5975609756097561,0.6125,0.5632183908045977,0.5697674418604651,0.5764705882352941,0.5568181818181818,0.5632183908045977,0.620253164556962,0.5903614457831325,0.5833333333333334,0.5833333333333334,0.5568181818181818,0.620253164556962,0.620253164556962,0.5833333333333334,0.5903614457831325,0.5697674418604651,0.6125,0.5833333333333334,0.6049382716049383,0.5764705882352941,0.5764705882352941,0.5764705882352941,0.98,0.6282051282051282,0.7205882352941176,0.8909090909090909,0.6282051282051282,0.6125,0.7,0.98,0.6533333333333333,0.875,0.875,0.6533333333333333,0.9074074074074074,0.6901408450704225,0.9245283018867925,0.9607843137254902,0.9607843137254902,0.8909090909090909,0.6049382716049383,0.8305084745762712,0.8909090909090909,0.98,0.6049382716049383,0.620253164556962
97,0.5697674418604651,0.5833333333333334,0.5903614457831325,0.5975609756097561,0.6049382716049383,0.5833333333333334,0.5697674418604651,0.6049382716049383,0.5568181818181818,0.5697674418604651,0.5833333333333334,0.5903614457831325,0.5903614457831325,0.5833333333333334,0.5697674418604651,0.5903614457831325,0.6282051282051282,0.5975609756097561,0.5833333333333334,0.5268817204301075,0.620253164556962,0.6125,0.6049382716049383,0.5833333333333334,0.5975609756097561,0.5975609756097561,0.98,0.6049382716049383,0.7313432835820896,0.875,0.620253164556962,0.5903614457831325,0.7101449275362319,0.98,0.620253164556962,0.8448275862068966,0.8448275862068966,0.6621621621621622,0.8909090909090909,0.7101449275362319,0.8909090909090909,0.9607843137254902,0.9607843137254902,0.875,0.620253164556962,0.8305084745762712,0.9074074074074074,0.9607843137254902,0.6049382716049383,0.6282051282051282
3,0.5697674418604651,0.5975609756097561,0.5764705882352941,0.5903614457831325,0.620253164556962,0.5764705882352941,0.5568181818181818,0.5833333333333334,0.5568181818181818,0.5697674418604651,0.5903614457831325,0.6049382716049383,0.550561797752809,0.5833333333333334,0.5764705882352941,0.6049382716049383,0.620253164556962,0.5975609756097561,0.5833333333333334,0.5833333333333334,0.5975609756097561,0.6125,0.6049382716049383,0.5697674418604651,0.5764705882352941,0.5764705882352941,0.9607843137254902,0.6049382716049383,0.7424242424242424,0.8909090909090909,0.6125,0.6049382716049383,0.7,0.9607843137254902,0.6533333333333333,0.875,0.875,0.6447368421052632,0.9074074074074074,0.7,0.9074074074074074,0.9607843137254902,0.9607843137254902,0.9074074074074074,0.6282051282051282,0.8305084745762712,0.9074074074074074,0.9423076923076923,0.6049382716049383,0.620253164556962
43,0.5833333333333334,0.5903614457831325,0.5764705882352941,0.5975609756097561,0.5903614457831325,0.5697674418604651,0.5568181818181818,0.5833333333333334,0.5697674418604651,0.5444444444444444,0.5975609756097561,0.5833333333333334,0.5764705882352941,0.5903614457831325,0.5903614457831325,0.620253164556962,0.620253164556962,0.6049382716049383,0.5903614457831325,0.5697674418604651,0.6049382716049383,0.5833333333333334,0.6363636363636364,0.5697674418604651,0.5975609756097561,0.5975609756097561,0.9607843137254902,0.6282051282051282,0.7313432835820896,0.875,0.6049382716049383,0.620253164556962,0.6901408450704225,0.9607843137254902,0.6363636363636364,0.875,0.8596491228070176,0.6447368421052632,0.9074074074074074,0.7101449275362319,0.9074074074074074,0.9423076923076923,0.9607843137254902,0.8909090909090909,0.5975609756097561,0.8305084745762712,0.9074074074074074,0.9245283018867925,0.6282051282051282,0.620253164556962
30,0.5764705882352941,0.5833333333333334,0.5764705882352941,0.5903614457831325,0.5975609756097561,0.5697674418604651,0.5697674418604651,0.5764705882352941,0.5384615384615384,0.5568181818181818,0.6049382716049383,0.5764705882352941,0.5764705882352941,0.5697674418604651,0.5697674418604651,0.5903614457831325,0.6125,0.5903614457831325,0.5975609756097561,0.5833333333333334,0.5903614457831325,0.6049382716049383,0.6049382716049383,0.5764705882352941,0.5764705882352941,0.5764705882352941,0.98,0.6125,0.7313432835820896,0.8909090909090909,0.620253164556962,0.5903614457831325,0.6901408450704225,0.98,0.6125,0.8596491228070176,0.8596491228070176,0.6447368421052632,0.8909090909090909,0.7,0.9074074074074074,0.9607843137254902,0.98,0.8909090909090909,0.6049382716049383,0.8305084745762712,0.8909090909090909,0.98,0.6049382716049383,0.6125
68,0.5764705882352941,0.5764705882352941,0.5833333333333334,0.5833333333333334,0.5975609756097561,0.5833333333333334,0.620253164556962,0.6049382716049383,0.550561797752809,0.5632183908045977,0.6049382716049383,0.5833333333333334,0.5975609756097561,0.5697674418604651,0.550561797752809,0.6363636363636364,0.6049382716049383,0.5384615384615384,0.5975609756097561,0.5697674418604651,0.6282051282051282,0.6282051282051282,0.6049382716049383,0.6049382716049383,0.5764705882352941,0.5764705882352941,0.9607843137254902,0.6049382716049383,0.7205882352941176,0.8909090909090909,0.6447368421052632,0.6363636363636364,0.7,0.9607843137254902,0.6447368421052632,0.9245283018867925,0.8909090909090909,0.6447368421052632,0.9074074074074074,0.7101449275362319,0.9245283018867925,0.9607843137254902,0.9607843137254902,0.9245283018867925,0.6282051282051282,0.8305084745762712,0.875,0.9423076923076923,0.6049382716049383,0.6049382716049383
38,0.5903614457831325,0.6125,0.5903614457831325,0.6049382716049383,0.6125,0.5632183908045977,0.5568181818181818,0.620253164556962,0.550561797752809,0.5632183908045977,0.6125,0.5764705882352941,0.5764705882352941,0.5697674418604651,0.5632183908045977,0.620253164556962,0.6282051282051282,0.5833333333333334,0.5833333333333334,0.5697674418604651,0.6125,0.5903614457831325,0.5975609756097561,0.5697674418604651,0.5764705882352941,0.5764705882352941,1.0,0.6049382716049383,0.7313432835820896,0.875,0.620253164556962,0.620253164556962,0.6901408450704225,1.0,0.6363636363636364,0.8596491228070176,0.875,0.6447368421052632,0.9074074074074074,0.7101449275362319,0.9245283018867925,0.9607843137254902,0.9607843137254902,0.9074074074074074,0.6125,0.8305084745762712,0.9074074074074074,0.98,0.5975609756097561,0.6282051282051282
79,0.5764705882352941,0.5903614457831325,0.5903614457831325,0.5903614457831325,0.6049382716049383,0.5632183908045977,0.5632183908045977,0.6282051282051282,0.550561797752809,0.5903614457831325,0.5975609756097561,0.5903614457831325,0.5764705882352941,0.5697674418604651,0.5697674418604651,0.620253164556962,0.6363636363636364,0.5833333333333334,0.6125,0.5697674418604651,0.6049382716049383,0.5833333333333334,0.5903614457831325,0.5764705882352941,0.5764705882352941,0.5764705882352941,1.0,0.6282051282051282,0.7205882352941176,0.8909090909090909,0.6363636363636364,0.620253164556962,0.7205882352941176,1.0,0.6125,0.8596491228070176,0.8596491228070176,0.6621621621621622,0.9074074074074074,0.7424242424242424,0.9074074074074074,0.98,0.98,0.8909090909090909,0.6049382716049383,0.8448275862068966,0.8909090909090909,0.98,0.5903614457831325,0.6363636363636364
14,0.5833333333333334,0.5764705882352941,0.5833333333333334,0.5833333333333334,0.6125,0.5833333333333334,0.5568181818181818,0.5833333333333334,0.5568181818181818,0.5568181818181818,0.6049382716049383,0.5903614457831325,0.5764705882352941,0.5764705882352941,0.5697674418604651,0.5764705882352941,0.6125,0.5833333333333334,0.6049382716049383,0.5833333333333334,0.5903614457831325,0.5975609756097561,0.5903614457831325,0.5764705882352941,0.5833333333333334,0.5833333333333334,1.0,0.6049382716049383,0.7313432835820896,0.8909090909090909,0.620253164556962,0.5764705882352941,0.7,1.0,0.620253164556962,0.8596491228070176,0.8909090909090909,0.6447368421052632,0.9074074074074074,0.6901408450704225,0.9074074074074074,0.98,0.9423076923076923,0.9074074074074074,0.6125,0.8448275862068966,0.9074074074074074,0.9423076923076923,0.5903614457831325,0.6125
27,0.5903614457831325,0.6049382716049383,0.5903614457831325,0.5903614457831325,0.6125,0.5697674418604651,0.5568181818181818,0.5975609756097561,0.5697674418604651,0.5764705882352941,0.5975609756097561,0.5975609756097561,0.5833333333333334,0.5697674418604651,0.5764705882352941,0.5975609756097561,0.6049382716049383,0.5903614457831325,0.5833333333333334,0.5975609756097561,0.6049382716049383,0.5975609756097561,0.5975609756097561,0.5903614457831325,0.5764705882352941,0.5764705882352941,1.0,0.620253164556962,0.7205882352941176,0.9074074074074074,0.6125,0.5975609756097561,0.7101449275362319,1.0,0.6125,0.8596491228070176,0.8596491228070176,0.6621621621621622,0.9074074074074074,0.7101449275362319,0.9074074074074074,0.98,0.9607843137254902,0.9074074074074074,0.620253164556962,0.8448275862068966,0.9074074074074074,0.98,0.5975609756097561,0.6049382716049383
61,0.5697674418604651,0.5975609756097561,0.5903614457831325,0.5833333333333334,0.6282051282051282,0.5632183908045977,0.5568181818181818,0.5903614457831325,0.550561797752809,0.5568181818181818,0.5833333333333334,0.5833333333333334,0.5833333333333334,0.5833333333333334,0.5568181818181818,0.5975609756097561,0.5975609756097561,0.5833333333333334,0.6049382716049383,0.5833333333333334,0.6049382716049383,0.5833333333333334,0.5975609756097561,0.5697674418604651,0.5833333333333334,0.5833333333333334,0.98,0.6049382716049383,0.7205882352941176,0.8909090909090909,0.6282051282051282,0.5975609756097561,0.7,0.98,0.6125,0.8596491228070176,0.8596491228070176,0.6533333333333333,0.9074074074074074,0.6901408450704225,0.9074074074074074,0.9607843137254902,0.98,0.8909090909090909,0.6049382716049383,0.8448275862068966,0.8909090909090909,0.98,0.5975609756097561,0.5975609756097561
6,0.5764705882352941,0.5833333333333334,0.6049382716049383,0.6125,0.6125,0.5975609756097561,0.5568181818181818,0.5833333333333334,0.550561797752809,0.5632183908045977,0.5833333333333334,0.5833333333333334,0.5764705882352941,0.5764705882352941,0.5697674418604651,0.6049382716049383,0.6049382716049383,0.5833333333333334,0.5903614457831325,0.5764705882352941,0.6049382716049383,0.5833333333333334,0.5903614457831325,0.5697674418604651,0.5833333333333334,0.5833333333333334,1.0,0.620253164556962,0.7101449275362319,0.8909090909090909,0.620253164556962,0.6049382716049383,0.6901408450704225,1.0,0.6282051282051282,0.875,0.875,0.6447368421052632,0.9074074074074074,0.7,0.9245283018867925,0.98,0.98,0.9074074074074074,0.6049382716049383,0.8305084745762712,0.8909090909090909,0.98,0.5903614457831325,0.6049382716049383
65,0.5903614457831325,0.5764705882352941,0.5903614457831325,0.5903614457831325,0.5975609756097561,0.5833333333333334,0.5764705882352941,0.5903614457831325,0.550561797752809,0.5632183908045977,0.5833333333333334,0.5903614457831325,0.5975609756097561,0.5697674418604651,0.5833333333333334,0.6447368421052632,0.620253164556962,0.5975609756097561,0.5833333333333334,0.5632183908045977,0.6049382716049383,0.5903614457831325,0.620253164556962,0.5833333333333334,0.5833333333333334,0.5833333333333334,0.98,0.620253164556962,0.7101449275362319,0.8909090909090909,0.620253164556962,0.6447368421052632,0.7205882352941176,0.98,0.6447368421052632,0.875,0.8596491228070176,0.6533333333333333,0.9074074074074074,0.7101449275362319,0.9074074074074074,0.98,0.98,0.9074074074074074,0.6049382716049383,0.8305084745762712,0.9074074074074074,0.9607843137254902,0.620253164556962,0.620253164556962
25,0.5764705882352941,0.5903614457831325,0.5833333333333334,0.6049382716049383,0.5975609756097561,0.5764705882352941,0.5632183908045977,0.5975609756097561,0.5764705882352941,0.5568181818181818,0.6125,0.5975609756097561,0.5833333333333334,0.5697674418604651,0.5697674418604651,0.6049382716049383,0.5975609756097561,0.5697674418604651,0.6049382716049383,0.5444444444444444,0.6049382716049383,0.5833333333333334,0.6125,0.5764705882352941,0.5764705882352941,0.5764705882352941,0.98,0.620253164556962,0.7313432835820896,0.8909090909090909,0.620253164556962,0.5975609756097561,0.7,0.98,0.6363636363636364,0.875,0.8909090909090909,0.6621621621621622,0.9074074074074074,0.7,0.9074074074074074,0.9607843137254902,0.9607843137254902,0.9074074074074074,0.6049382716049383,0.8305084745762712,0.9074074074074074,0.9607843137254902,0.620253164556962,0.5975609756097561
13,0.5833333333333334,0.5764705882352941,0.5975609756097561,0.5833333333333334,0.6049382716049383,0.5697674418604651,0.5632183908045977,0.5975609756097561,0.5568181818181818,0.5632183908045977,0.5833333333333334,0.5903614457831325,0.6049382716049383,0.5764705882352941,0.5444444444444444,0.5903614457831325,0.6125,0.5764705882352941,0.6125,0.5697674418604651,0.5903614457831325,0.5975609756097561,0.5975609756097561,0.6049382716049383,0.5764705882352941,0.5764705882352941,0.98,0.6049382716049383,0.7205882352941176,0.8909090909090909,0.6363636363636364,0.5903614457831325,0.7101449275362319,0.98,0.6363636363636364,0.9074074074074074,0.8909090909090909,0.6447368421052632,0.9074074074074074,0.7101449275362319,0.9245283018867925,0.9607843137254902,0.9607843137254902,0.9074074074074074,0.6125,0.8305084745762712,0.8909090909090909,0.98,0.5975609756097561,0.6125
24,0.5764705882352941,0.5903614457831325,0.5975609756097561,0.5903614457831325,0.5975609756097561,0.5697674418604651,0.5632183908045977,0.5903614457831325,0.5632183908045977,0.5833333333333334,0.6125,0.5764705882352941,0.5764705882352941,0.5764705882352941,0.5697674418604651,0.5903614457831325,0.620253164556962,0.5444444444444444,0.5833333333333334,0.5697674418604651,0.5903614457831325,0.5903614457831325,0.550561797752809,0.5764705882352941,0.5764705882352941,0.5764705882352941,0.9423076923076923,0.6049382716049383,0.7313432835820896,0.8909090909090909,0.6125,0.5903614457831325,0.7,0.9423076923076923,0.6363636363636364,0.875,0.875,0.6533333333333333,0.9074074074074074,0.7101449275362319,0.8909090909090909,0.98,0.9245283018867925,0.875,0.6049382716049383,0.8305084745762712,0.8909090909090909,0.9245283018867925,0.5632183908045977,0.620253164556962
89,0.5632183908045977,0.5833333333333334,0.5764705882352941,0.5833333333333334,0.6049382716049383,0.5833333333333334,0.5568181818181818,0.5833333333333334,0.5568181818181818,0.532608695652174,0.5903614457831325,0.5903614457831325,0.5903614457831325,0.5697674418604651,0.5697674418604651,0.6125,0.6363636363636364,0.5764705882352941,0.5833333333333334,0.5833333333333334,0.6049382716049383,0.6049382716049383,0.5903614457831325,0.5764705882352941,0.5833333333333334,0.5833333333333334,0.98,0.6049382716049383,0.7313432835820896,0.8909090909090909,0.6125,0.6125,0.7,0.98,0.6282051282051282,0.8448275862068966,0.8596491228070176,0.6363636363636364,0.9074074074074074,0.7101449275362319,0.875,0.98,0.9607843137254902,0.8909090909090909,0.620253164556962,0.8166666666666667,0.8909090909090909,0.9423076923076923,0.5903614457831325,0.6363636363636364
5,0.5764705882352941,0.5833333333333334,0.5833333333333334,0.5903614457831325,0.6125,0.5833333333333334,0.5632183908045977,0.5764705882352941,0.550561797752809,0.5632183908045977,0.5764705882352941,0.5764705882352941,0.5764705882352941,0.5764705882352941,0.5444444444444444,0.6125,0.6282051282051282,0.5975609756097561,0.6049382716049383,0.5697674418604651,0.620253164556962,0.5903614457831325,0.5975609756097561,0.5632183908045977,0.5764705882352941,0.5764705882352941,0.98,0.6282051282051282,0.7313432835820896,0.8909090909090909,0.620253164556962,0.6125,0.7101449275362319,0.98,0.6282051282051282,0.8596491228070176,0.8596491228070176,0.6621621621621622,0.9074074074074074,0.7101449275362319,0.8909090909090909,0.9607843137254902,0.9607843137254902,0.8909090909090909,0.6049382716049383,0.8305084745762712,0.8909090909090909,0.98,0.5975609756097561,0.6282051282051282
23,0.5764705882352941,0.5764705882352941,0.6049382716049383,0.6049382716049383,0.6049382716049383,0.5697674418604651,0.5632183908045977,0.5903614457831325,0.5975609756097561,0.5632183908045977,0.5903614457831325,0.5764705882352941,0.5903614457831325,0.5833333333333334,0.5697674418604651,0.620253164556962,0.6282051282051282,0.5833333333333334,0.5833333333333334,0.5697674418604651,0.5975609756097561,0.6049382716049383,0.5975609756097561,0.5697674418604651,0.5833333333333334,0.5833333333333334,1.0,0.6049382716049383,0.7313432835820896,0.8909090909090909,0.6125,0.620253164556962,0.6901408450704225,1.0,0.6125,0.8596491228070176,0.8596491228070176,0.6621621621621622,0.9074074074074074,0.7,0.9074074074074074,0.98,0.98,0.9074074074074074,0.6125,0.8305084745762712,0.8909090909090909,0.98,0.5975609756097561,0.6282051282051282
53,0.5833333333333334,0.5903614457831325,0.6049382716049383,0.6125,0.6049382716049383,0.6049382716049383,0.5632183908045977,0.6363636363636364,0.550561797752809,0.5697674418604651,0.5975609756097561,0.5833333333333334,0.5833333333333334,0.5697674418604651,0.5697674418604651,0.5975609756097561,0.6049382716049383,0.5444444444444444,0.5975609756097561,0.5764705882352941,0.6049382716049383,0.5833333333333334,0.6125,0.5632183908045977,0.5975609756097561,0.5975609756097561,0.98,0.6125,0.7313432835820896,0.8909090909090909,0.6533333333333333,0.5975609756097561,0.7313432835820896,0.98,0.6447368421052632,0.875,0.8909090909090909,0.6712328767123288,0.9074074074074074,0.7205882352941176,0.9074074074074074,0.9607843137254902,0.9607843137254902,0.8909090909090909,0.6125,0.8448275862068966,0.8909090909090909,0.98,0.6125,0.6049382716049383
22,0.5697674418604651,0.6049382716049383,0.5764705882352941,0.5833333333333334,0.6049382716049383,0.5697674418604651,0.5632183908045977,0.5764705882352941,0.550561797752809,0.5632183908045977,0.5975609756097561,0.5833333333333334,0.5764705882352941,0.5697674418604651,0.5697674418604651,0.5975609756097561,0.6049382716049383,0.5833333333333334,0.5764705882352941,0.5833333333333334,0.5903614457831325,0.5833333333333334,0.5975609756097561,0.5833333333333334,0.5833333333333334,0.5833333333333334,1.0,0.6049382716049383,0.7205882352941176,0.8909090909090909,0.6125,0.5975609756097561,0.6901408450704225,1.0,0.6282051282051282,0.875,0.875,0.6447368421052632,0.9074074074074074,0.6901408450704225,0.9074074074074074,0.98,0.98,0.9074074074074074,0.6125,0.8305084745762712,0.8909090909090909,0.98,0.5975609756097561,0.6049382716049383
47,0.5632183908045977,0.5833333333333334,0.5764705882352941,0.5975609756097561,0.620253164556962,0.5632183908045977,0.5568181818181818,0.5833333333333334,0.550561797752809,0.5697674418604651,0.6282051282051282,0.5903614457831325,0.5697674418604651,0.5697674418604651,0.5833333333333334,0.5975609756097561,0.6049382716049383,0.5632183908045977,0.5764705882352941,0.5697674418604651,0.5975609756097561,0.5975609756097561,0.5903614457831325,0.5903614457831325,0.5903614457831325,0.5903614457831325,0.98,0.620253164556962,0.7205882352941176,0.9074074074074074,0.6125,0.5975609756097561,0.7,0.98,0.6447368421052632,0.875,0.875,0.6447368421052632,0.8909090909090909,0.7424242424242424,0.9245283018867925,0.9423076923076923,0.9607843137254902,0.9074074074074074,0.6125,0.8166666666666667,0.9074074074074074,0.9607843137254902,0.5903614457831325,0.6049382716049383
46,0.5833333333333334,0.5833333333333334,0.5833333333333334,0.5903614457831325,0.620253164556962,0.5632183908045977,0.5568181818181818,0.5833333333333334,0.5568181818181818,0.5632183908045977,0.6049382716049383,0.5764705882352941,0.6125,0.5697674418604651,0.5632183908045977,0.5903614457831325,0.5975609756097561,0.5903614457831325,0.5764705882352941,0.5833333333333334,0.6049382716049383,0.6049382716049383,0.6049382716049383,0.5764705882352941,0.5903614457831325,0.5903614457831325,0.98,0.6049382716049383,0.7313432835820896,0.8909090909090909,0.620253164556962,0.5903614457831325,0.6901408450704225,0.98,0.6363636363636364,0.875,0.875,0.6621621621621622,0.8909090909090909,0.7,0.9245283018867925,0.9607843137254902,0.98,0.9074074074074074,0.6282051282051282,0.8305084745762712,0.9074074074074074,0.98,0.6049382716049383,0.5975609756097561
96,0.5764705882352941,0.5764705882352941,0.5764705882352941,0.5833333333333334,0.5975609756097561,0.5632183908045977,0.5697674418604651,0.5975609756097561,0.550561797752809,0.5632183908045977,0.5903614457831325,0.5903614457831325,0.5764705882352941,0.5697674418604651,0.5697674418604651,0.620253164556962,0.6125,0.5764705882352941,0.5833333333333334,0.5697674418604651,0.620253164556962,0.5903614457831325,0.6049382716049383,0.5833333333333334,0.5903614457831325,0.5903614457831325,1.0,0.6125,0.7205882352941176,0.8909090909090909,0.6125,0.620253164556962,0.6901408450704225,1.0,0.6447368421052632,0.875,0.875,0.6447368421052632,0.9074074074074074,0.7205882352941176,0.9074074074074074,0.98,0.98,0.9074074074074074,0.6049382716049383,0.8305084745762712,0.9074074074074074,0.98,0.6049382716049383,0.6125
48,0.5975609756097561,0.5833333333333334,0.5833333333333334,0.6049382716049383,0.5975609756097561,0.5632183908045977,0.5632183908045977,0.5764705882352941,0.550561797752809,0.5697674418604651,0.5975609756097561,0.5903614457831325,0.5764705882352941,0.5764705882352941,0.5384615384615384,0.5903614457831325,0.5975609756097561,0.5764705882352941,0.5903614457831325,0.5764705882352941,0.5903614457831325,0.5833333333333334,0.5975609756097561,0.5764705882352941,0.5833333333333334,0.5833333333333334,0.98,0.6282051282051282,0.7313432835820896,0.8909090909090909,0.6125,0.5903614457831325,0.6901408450704225,0.98,0.6282051282051282,0.875,0.8909090909090909,0.6533333333333333,0.8909090909090909,0.7424242424242424,0.9074074074074074,0.98,0.9607843137254902,0.8909090909090909,0.6049382716049383,0.8305084745762712,0.8909090909090909,0.9607843137254902,0.5975609756097561,0.5975609756097561
62,0.620253164556962,0.5764705882352941,0.6125,0.5903614457831325,0.6125,0.5764705882352941,0.5903614457831325,0.5764705882352941,0.5833333333333334,0.5697674418604651,0.5975609756097561,0.5975609756097561,0.5764705882352941,0.5833333333333334,0.5384615384615384,0.6049382716049383,0.6049382716049383,0.6049382716049383,0.6125,0.5833333333333334,0.6049382716049383,0.5903614457831325,0.6049382716049383,0.6049382716049383,0.6049382716049383,0.6049382716049383,0.98,0.6282051282051282,0.7424242424242424,0.8909090909090909,0.620253164556962,0.6049382716049383,0.7101449275362319,0.98,0.6533333333333333,0.8448275862068966,0.8909090909090909,0.6533333333333333,0.9074074074074074,0.7205882352941176,0.9245283018867925,0.9607843137254902,0.9607843137254902,0.8909090909090909,0.6282051282051282,0.8596491228070176,0.9074074074074074,0.9607843137254902,0.6049382716049383,0.6049382716049383
50,0.5764705882352941,0.5833333333333334,0.5833333333333334,0.5833333333333334,0.6049382716049383,0.5632183908045977,0.5568181818181818,0.5764705882352941,0.5632183908045977,0.5568181818181818,0.5903614457831325,0.5764705882352941,0.5764705882352941,0.5833333333333334,0.550561797752809,0.6125,0.620253164556962,0.550561797752809,0.5764705882352941,0.5444444444444444,0.6125,0.5833333333333334,0.6049382716049383,0.5697674418604651,0.5833333333333334,0.5833333333333334,0.9423076923076923,0.6049382716049383,0.7101449275362319,0.8909090909090909,0.620253164556962,0.6125,0.6901408450704225,0.9423076923076923,0.6621621621621622,0.8596491228070176,0.875,0.6621621621621622,0.8909090909090909,0.6901408450704225,0.9245283018867925,0.9423076923076923,0.9245283018867925,0.875,0.6125,0.8448275862068966,0.9245283018867925,0.9245283018867925,0.6125,0.620253164556962
51,0.5632183908045977,0.5833333333333334,0.5764705882352941,0.6125,0.6049382716049383,0.5697674418604651,0.5568181818181818,0.5764705882352941,0.550561797752809,0.5568181818181818,0.6282051282051282,0.5833333333333334,0.5833333333333334,0.5697674418604651,0.5833333333333334,0.5975609756097561,0.6049382716049383,0.5903614457831325,0.5764705882352941,0.5833333333333334,0.6282051282051282,0.6049382716049383,0.5975609756097561,0.5764705882352941,0.5764705882352941,0.5764705882352941,1.0,0.620253164556962,0.7313432835820896,0.8909090909090909,0.6125,0.5975609756097561,0.7,1.0,0.6363636363636364,0.875,0.875,0.6363636363636364,0.9074074074074074,0.7,0.9245283018867925,0.98,0.98,0.9074074074074074,0.6049382716049383,0.8448275862068966,0.9074074074074074,0.98,0.5975609756097561,0.6049382716049383
52,0.5697674418604651,0.5764705882352941,0.5764705882352941,0.5975609756097561,0.5975609756097561,0.5632183908045977,0.5568181818181818,0.5903614457831325,0.5632183908045977,0.5632183908045977,0.6282051282051282,0.5903614457831325,0.5764705882352941,0.5697674418604651,0.5697674418604651,0.5903614457831325,0.6049382716049383,0.5833333333333334,0.5975609756097561,0.5764705882352941,0.6125,0.5833333333333334,0.5975609756097561,0.5833333333333334,0.5903614457831325,0.5903614457831325,1.0,0.6049382716049383,0.7205882352941176,0.8909090909090909,0.6282051282051282,0.5903614457831325,0.6901408450704225,1.0,0.6363636363636364,0.875,0.8909090909090909,0.6447368421052632,0.9074074074074074,0.7,0.9245283018867925,0.98,0.98,0.9074074074074074,0.6049382716049383,0.8305084745762712,0.8909090909090909,0.98,0.5975609756097561,0.6049382716049383
11,0.5764705882352941,0.5903614457831325,0.5833333333333334,0.5833333333333334,0.6049382716049383,0.5697674418604651,0.5697674418604651,0.5975609756097561,0.5697674418604651,0.5444444444444444,0.5764705882352941,0.5833333333333334,0.5764705882352941,0.5833333333333334,0.5697674418604651,0.6125,0.6125,0.5764705882352941,0.5975609756097561,0.5568181818181818,0.6125,0.5975609756097561,0.5903614457831325,0.5697674418604651,0.5833333333333334,0.5833333333333334,0.98,0.6049382716049383,0.7205882352941176,0.8448275862068966,0.6282051282051282,0.6125,0.7101449275362319,0.98,0.6533333333333333,0.875,0.875,0.6533333333333333,0.9074074074074074,0.7,0.9074074074074074,0.9607843137254902,0.98,0.875,0.6049382716049383,0.8305084745762712,0.8909090909090909,0.9607843137254902,0.5975609756097561,0.6125
54,0.5764705882352941,0.5833333333333334,0.5764705882352941,0.5903614457831325,0.5975609756097561,0.5632183908045977,0.5632183908045977,0.5975609756097561,0.550561797752809,0.5568181818181818,0.6363636363636364,0.5764705882352941,0.5764705882352941,0.5697674418604651,0.5268817204301075,0.5975609756097561,0.5975609756097561,0.5833333333333334,0.5833333333333334,0.5697674418604651,0.5975609756097561,0.5903614457831325,0.6049382716049383,0.5833333333333334,0.5903614457831325,0.5903614457831325,0.98,0.6049382716049383,0.7101449275362319,0.8909090909090909,0.6125,0.5975609756097561,0.7,0.98,0.6282051282051282,0.8448275862068966,0.875,0.6363636363636364,0.8909090909090909,0.7,0.9423076923076923,0.9607843137254902,0.9607843137254902,0.8909090909090909,0.6049382716049383,0.8448275862068966,0.9245283018867925,0.9607843137254902,0.6049382716049383,0.5975609756097561
55,0.5764705882352941,0.5764705882352941,0.5903614457831325,0.6049382716049383,0.5975609756097561,0.5764705882352941,0.5632183908045977,0.5833333333333334,0.5568181818181818,0.5632183908045977,0.620253164556962,0.5903614457831325,0.5833333333333334,0.5903614457831325,0.5833333333333334,0.5903614457831325,0.5975609756097561,0.5903614457831325,0.5833333333333334,0.550561797752809,0.5975609756097561,0.6125,0.5903614457831325,0.5764705882352941,0.5764705882352941,0.5764705882352941,0.98,0.6049382716049383,0.7424242424242424,0.8909090909090909,0.6282051282051282,0.5903614457831325,0.7101449275362319,0.98,0.6447368421052632,0.875,0.875,0.6447368421052632,0.9074074074074074,0.7,0.9074074074074074,0.98,0.98,0.9074074074074074,0.6125,0.8448275862068966,0.9074074074074074,0.98,0.5903614457831325,0.5975609756097561
57,0.5833333333333334,0.5975609756097561,0.6049382716049383,0.5975609756097561,0.6049382716049383,0.5764705882352941,0.5697674418604651,0.5833333333333334,0.5568181818181818,0.5697674418604651,0.620253164556962,0.5764705882352941,0.5833333333333334,0.6049382716049383,0.5697674418604651,0.6049382716049383,0.6049382716049383,0.5764705882352941,0.5903614457831325,0.5268817204301075,0.5903614457831325,0.5833333333333334,0.5903614457831325,0.5697674418604651,0.5833333333333334,0.5833333333333334,0.98,0.6125,0.7424242424242424,0.8909090909090909,0.6125,0.6049382716049383,0.7101449275362319,0.98,0.6533333333333333,0.875,0.875,0.6533333333333333,0.9074074074074074,0.7,0.8909090909090909,0.9607843137254902,0.9607843137254902,0.8909090909090909,0.6125,0.8305084745762712,0.9074074074074074,0.9607843137254902,0.5903614457831325,0.6049382716049383
56,0.5697674418604651,0.5764705882352941,0.5833333333333334,0.5833333333333334,0.6125,0.5632183908045977,0.5568181818181818,0.5903614457831325,0.5568181818181818,0.5632183908045977,0.6049382716049383,0.5764705882352941,0.5764705882352941,0.5764705882352941,0.5764705882352941,0.5975609756097561,0.5975609756097561,0.550561797752809,0.5833333333333334,0.5697674418604651,0.6049382716049383,0.5975609756097561,0.6049382716049383,0.5632183908045977,0.5903614457831325,0.5903614457831325,0.98,0.6049382716049383,0.7101449275362319,0.9074074074074074,0.620253164556962,0.5975609756097561,0.6901408450704225,0.98,0.6447368421052632,0.8596491228070176,0.8596491228070176,0.6363636363636364,0.8909090909090909,0.6901408450704225,0.8909090909090909,0.9607843137254902,0.9245283018867925,0.8596491228070176,0.6125,0.8448275862068966,0.875,0.9607843137254902,0.6049382716049383,0.5975609756097561
45,0.5697674418604651,0.5764705882352941,0.5975609756097561,0.6049382716049383,0.5903614457831325,0.5697674418604651,0.5697674418604651,0.5833333333333334,0.5568181818181818,0.5568181818181818,0.6049382716049383,0.5764705882352941,0.5975609756097561,0.5697674418604651,0.5697674418604651,0.6049382716049383,0.6282051282051282,0.5764705882352941,0.5764705882352941,0.5903614457831325,0.5975609756097561,0.5833333333333334,0.5903614457831325,0.5697674418604651,0.5833333333333334,0.5833333333333334,1.0,0.6125,0.7205882352941176,0.8909090909090909,0.6125,0.6049382716049383,0.6901408450704225,1.0,0.6533333333333333,0.875,0.8596491228070176,0.6363636363636364,0.9074074074074074,0.7101449275362319,0.9245283018867925,0.98,0.98,0.9074074074074074,0.6125,0.8305084745762712,0.9074074074074074,0.98,0.5903614457831325,0.6282051282051282
58,0.5975609756097561,0.5975609756097561,0.5903614457831325,0.5833333333333334,0.6049382716049383,0.5697674418604651,0.5697674418604651,0.6049382716049383,0.550561797752809,0.5764705882352941,0.620253164556962,0.5833333333333334,0.5833333333333334,0.5697674418604651,0.5444444444444444,0.5975609756097561,0.620253164556962,0.5697674418604651,0.5833333333333334,0.5903614457831325,0.6049382716049383,0.6125,0.5903614457831325,0.5764705882352941,0.5764705882352941,0.5764705882352941,0.98,0.620253164556962,0.7205882352941176,0.8909090909090909,0.620253164556962,0.5975609756097561,0.6901408450704225,0.98,0.6125,0.8596491228070176,0.8596491228070176,0.6533333333333333,0.9074074074074074,0.7101449275362319,0.9074074074074074,0.9607843137254902,0.9423076923076923,0.8909090909090909,0.6282051282051282,0.8305084745762712,0.9074074074074074,0.9423076923076923,0.5903614457831325,0.620253164556962
83,0.5697674418604651,0.5764705882352941,0.620253164556962,0.6049382716049383,0.5975609756097561,0.5833333333333334,0.5833333333333334,0.5833333333333334,0.550561797752809,0.5568181818181818,0.5833333333333334,0.5833333333333334,0.5975609756097561,0.5697674418604651,0.5268817204301075,0.5764705882352941,0.6363636363636364,0.5903614457831325,0.6049382716049383,0.5764705882352941,0.5903614457831325,0.6282051282051282,0.6125,0.6049382716049383,0.5903614457831325,0.5903614457831325,0.9423076923076923,0.620253164556962,0.7205882352941176,0.875,0.6363636363636364,0.5764705882352941,0.7,0.9423076923076923,0.6447368421052632,0.8596491228070176,0.8596491228070176,0.6712328767123288,0.9074074074074074,0.7313432835820896,0.9607843137254902,0.9245283018867925,0.9245283018867925,0.8909090909090909,0.6282051282051282,0.8166666666666667,0.8909090909090909,0.9245283018867925,0.6125,0.6363636363636364
60,0.5697674418604651,0.5975609756097561,0.5903614457831325,0.5903614457831325,0.5975609756097561,0.5632183908045977,0.5568181818181818,0.5903614457831325,0.5697674418604651,0.5764705882352941,0.5903614457831325,0.5903614457831325,0.5697674418604651,0.5697674418604651,0.5903614457831325,0.6282051282051282,0.6447368421052632,0.5833333333333334,0.5903614457831325,0.5697674418604651,0.6049382716049383,0.5833333333333334,0.6282051282051282,0.5697674418604651,0.5764705882352941,0.5764705882352941,1.0,0.6125,0.7313432835820896,0.8909090909090909,0.6125,0.6282051282051282,0.7,1.0,0.6363636363636364,0.8596491228070176,0.8596491228070176,0.6533333333333333,0.9074074074074074,0.6901408450704225,0.8909090909090909,0.98,0.9607843137254902,0.8909090909090909,0.6049382716049383,0.8305084745762712,0.9074074074074074,0.98,0.6282051282051282,0.6447368421052632
49,0.5697674418604651,0.5764705882352941,0.5975609756097561,0.5833333333333334,0.6125,0.5632183908045977,0.5697674418604651,0.5764705882352941,0.5632183908045977,0.5632183908045977,0.5764705882352941,0.5764705882352941,0.5833333333333334,0.5833333333333334,0.5697674418604651,0.6282051282051282,0.6363636363636364,0.5833333333333334,0.6125,0.5833333333333334,0.5975609756097561,0.5975609756097561,0.620253164556962,0.5833333333333334,0.6049382716049383,0.6049382716049383,1.0,0.6049382716049383,0.7101449275362319,0.8909090909090909,0.620253164556962,0.6282051282051282,0.7101449275362319,1.0,0.6282051282051282,0.8596491228070176,0.8596491228070176,0.6533333333333333,0.9074074074074074,0.6901408450704225,0.9074074074074074,0.98,0.9423076923076923,0.875,0.6282051282051282,0.8305084745762712,0.8909090909090909,0.98,0.6363636363636364,0.6363636363636364
21,0.550561797752809,0.6049382716049383,0.6282051282051282,0.6049382716049383,0.6049382716049383,0.5632183908045977,0.5568181818181818,0.5764705882352941,0.550561797752809,0.5568181818181818,0.5903614457831325,0.5833333333333334,0.5833333333333334,0.5697674418604651,0.5444444444444444,0.5903614457831325,0.6125,0.5833333333333334,0.5903614457831325,0.5764705882352941,0.6125,0.5975609756097561,0.5975609756097561,0.5697674418604651,0.5764705882352941,0.5764705882352941,0.9607843137254902,0.6125,0.7205882352941176,0.9074074074074074,0.6125,0.5903614457831325,0.7101449275362319,0.9607843137254902,0.6363636363636364,0.875,0.875,0.6447368421052632,0.9074074074074074,0.6901408450704225,0.8909090909090909,0.9423076923076923,0.9607843137254902,0.8909090909090909,0.6049382716049383,0.8305084745762712,0.8909090909090909,0.9607843137254902,0.5975609756097561,0.6125
41,0.5764705882352941,0.5833333333333334,0.5764705882352941,0.5833333333333334,0.6049382716049383,0.5632183908045977,0.5632183908045977,0.5764705882352941,0.550561797752809,0.5632183908045977,0.5833333333333334,0.5833333333333334,0.5833333333333334,0.5697674418604651,0.550561797752809,0.5903614457831325,0.5975609756097561,0.5764705882352941,0.6049382716049383,0.5697674418604651,0.5903614457831325,0.6125,0.5975609756097561,0.6049382716049383,0.5833333333333334,0.5833333333333334,0.98,0.6049382716049383,0.7205882352941176,0.9074074074074074,0.620253164556962,0.5903614457831325,0.6901408450704225,0.98,0.6363636363636364,0.8596491228070176,0.8596491228070176,0.6363636363636364,0.9074074074074074,0.6901408450704225,0.9074074074074074,0.9607843137254902,0.98,0.9074074074074074,0.620253164556962,0.8305084745762712,0.8909090909090909,0.9607843137254902,0.5975609756097561,0.5975609756097561
40,0.5697674418604651,0.5975609756097561,0.5975609756097561,0.5833333333333334,0.6049382716049383,0.5697674418604651,0.5568181818181818,0.5903614457831325,0.550561797752809,0.5568181818181818,0.5833333333333334,0.5764705882352941,0.5764705882352941,0.5833333333333334,0.5384615384615384,0.6125,0.6049382716049383,0.5903614457831325,0.6049382716049383,0.5903614457831325,0.5903614457831325,0.5975609756097561,0.5903614457831325,0.5975609756097561,0.5833333333333334,0.5833333333333334,0.9423076923076923,0.6049382716049383,0.7424242424242424,0.9074074074074074,0.6363636363636364,0.6125,0.7101449275362319,0.9423076923076923,0.6447368421052632,0.8596491228070176,0.875,0.6533333333333333,0.9074074074074074,0.7,0.9074074074074074,0.9607843137254902,0.9245283018867925,0.8909090909090909,0.6049382716049383,0.8448275862068966,0.8909090909090909,0.98,0.5903614457831325,0.6049382716049383
29,0.5697674418604651,0.5764705882352941,0.5903614457831325,0.5975609756097561,0.6049382716049383,0.5632183908045977,0.5568181818181818,0.5764705882352941,0.550561797752809,0.5632183908045977,0.5833333333333334,0.5764705882352941,0.5833333333333334,0.5697674418604651,0.5764705882352941,0.5903614457831325,0.6049382716049383,0.5975609756097561,0.6125,0.5697674418604651,0.6282051282051282,0.5903614457831325,0.5975609756097561,0.5903614457831325,0.5833333333333334,0.5833333333333334,1.0,0.620253164556962,0.7313432835820896,0.8909090909090909,0.620253164556962,0.5903614457831325,0.7101449275362319,1.0,0.6125,0.8596491228070176,0.8596491228070176,0.6447368421052632,0.9074074074074074,0.6901408450704225,0.9074074074074074,0.98,0.98,0.9074074074074074,0.6125,0.8448275862068966,0.8909090909090909,0.98,0.5975609756097561,0.6049382716049383
19,0.5833333333333334,0.5975609756097561,0.5697674418604651,0.6049382716049383,0.5975609756097561,0.5697674418604651,0.5568181818181818,0.5903614457831325,0.5444444444444444,0.5764705882352941,0.620253164556962,0.5764705882352941,0.5764705882352941,0.5764705882352941,0.45794392523364486,0.6049382716049383,0.6125,0.6125,0.5833333333333334,0.5632183908045977,0.5903614457831325,0.6282051282051282,0.6363636363636364,0.5903614457831325,0.5697674418604651,0.5697674418604651,0.98,0.6363636363636364,0.7424242424242424,0.875,0.6363636363636364,0.6049382716049383,0.7205882352941176,0.98,0.6282051282051282,0.8448275862068966,0.8596491228070176,0.6363636363636364,0.8909090909090909,0.7101449275362319,0.9074074074074074,0.9607843137254902,0.9607843137254902,0.8909090909090909,0.6049382716049383,0.8305084745762712,0.8909090909090909,0.9607843137254902,0.6363636363636364,0.6125
12,0.5697674418604651,0.6049382716049383,0.5833333333333334,0.620253164556962,0.6282051282051282,0.5632183908045977,0.5632183908045977,0.5903614457831325,0.550561797752809,0.5697674418604651,0.6125,0.5833333333333334,0.5764705882352941,0.5975609756097561,0.5903614457831325,0.5903614457831325,0.6049382716049383,0.5764705882352941,0.5833333333333334,0.5697674418604651,0.5903614457831325,0.5975609756097561,0.6049382716049383,0.6125,0.5975609756097561,0.5975609756097561,1.0,0.620253164556962,0.7313432835820896,0.8909090909090909,0.6125,0.5903614457831325,0.7,1.0,0.6363636363636364,0.875,0.875,0.6447368421052632,0.9074074074074074,0.7,0.9245283018867925,0.98,0.98,0.9074074074074074,0.6125,0.8448275862068966,0.8909090909090909,0.98,0.6049382716049383,0.6049382716049383
9,0.5697674418604651,0.5764705882352941,0.5764705882352941,0.5833333333333334,0.6125,0.5697674418604651,0.5764705882352941,0.5764705882352941,0.550561797752809,0.5697674418604651,0.620253164556962,0.5975609756097561,0.5764705882352941,0.5833333333333334,0.5697674418604651,0.6363636363636364,0.5975609756097561,0.5764705882352941,0.5903614457831325,0.5833333333333334,0.5975609756097561,0.5903614457831325,0.620253164556962,0.5975609756097561,0.5833333333333334,0.5833333333333334,1.0,0.6049382716049383,0.7313432835820896,0.9074074074074074,0.6282051282051282,0.6363636363636364,0.6901408450704225,1.0,0.6533333333333333,0.875,0.875,0.6621621621621622,0.9074074074074074,0.7,0.9245283018867925,0.98,0.98,0.9074074074074074,0.620253164556962,0.8596491228070176,0.9245283018867925,0.98,0.620253164556962,0.5975609756097561
80,0.5697674418604651,0.5833333333333334,0.5975609756097561,0.5833333333333334,0.5975609756097561,0.5833333333333334,0.5568181818181818,0.5764705882352941,0.5568181818181818,0.5632183908045977,0.5975609756097561,0.5764705882352941,0.5833333333333334,0.5903614457831325,0.532608695652174,0.5903614457831325,0.6049382716049383,0.5833333333333334,0.5833333333333334,0.5903614457831325,0.5903614457831325,0.5903614457831325,0.6049382716049383,0.5697674418604651,0.5764705882352941,0.5764705882352941,0.98,0.6125,0.7205882352941176,0.8909090909090909,0.6125,0.5903614457831325,0.7101449275362319,0.98,0.6282051282051282,0.8448275862068966,0.8596491228070176,0.6363636363636364,0.9074074074074074,0.7,0.9245283018867925,0.9607843137254902,0.9607843137254902,0.8909090909090909,0.6049382716049383,0.8305084745762712,0.875,0.9607843137254902,0.6049382716049383,0.6049382716049383
42,0.5903614457831325,0.5764705882352941,0.5764705882352941,0.5975609756097561,0.620253164556962,0.5697674418604651,0.5697674418604651,0.5903614457831325,0.5568181818181818,0.5632183908045977,0.5903614457831325,0.5903614457831325,0.5764705882352941,0.5697674418604651,0.5697674418604651,0.6049382716049383,0.5975609756097561,0.5764705882352941,0.5833333333333334,0.5697674418604651,0.6125,0.5903614457831325,0.6282051282051282,0.5833333333333334,0.6125,0.6125,1.0,0.620253164556962,0.7101449275362319,0.8909090909090909,0.6125,0.6049382716049383,0.6901408450704225,1.0,0.6533333333333333,0.875,0.875,0.6363636363636364,0.9074074074074074,0.7101449275362319,0.9245283018867925,0.98,0.98,0.9074074074074074,0.6363636363636364,0.8305084745762712,0.8909090909090909,0.98,0.6282051282051282,0.5975609756097561
59,0.5833333333333334,0.5903614457831325,0.5764705882352941,0.5833333333333334,0.6049382716049383,0.5632183908045977,0.5568181818181818,0.5903614457831325,0.532608695652174,0.5903614457831325,0.5903614457831325,0.5764705882352941,0.5764705882352941,0.5697674418604651,0.5568181818181818,0.5632183908045977,0.5975609756097561,0.5903614457831325,0.5764705882352941,0.5444444444444444,0.5975609756097561,0.5975609756097561,0.5903614457831325,0.5833333333333334,0.5764705882352941,0.5764705882352941,0.9074074074074074,0.6049382716049383,0.7205882352941176,0.8909090909090909,0.620253164556962,0.5632183908045977,0.7,0.9074074074074074,0.6125,0.8596491228070176,0.875,0.6447368421052632,0.8909090909090909,0.7,0.9074074074074074,0.9607843137254902,0.9074074074074074,0.8909090909090909,0.6049382716049383,0.8448275862068966,0.8909090909090909,0.9074074074074074,0.5903614457831325,0.5975609756097561
18,0.5697674418604651,0.5903614457831325,0.5903614457831325,0.5903614457831325,0.6049382716049383,0.5697674418604651,0.5568181818181818,0.5764705882352941,0.5632183908045977,0.5697674418604651,0.5833333333333334,0.5833333333333334,0.5764705882352941,0.5697674418604651,0.5833333333333334,0.5632183908045977,0.620253164556962,0.5903614457831325,0.5764705882352941,0.5975609756097561,0.5903614457831325,0.5975609756097561,0.5975609756097561,0.5833333333333334,0.5764705882352941,0.5764705882352941,0.9607843137254902,0.6125,0.7205882352941176,0.8909090909090909,0.620253164556962,0.5632183908045977,0.7,0.9607843137254902,0.620253164556962,0.8596491228070176,0.875,0.6533333333333333,0.9074074074074074,0.6901408450704225,0.9074074074074074,0.98,0.9245283018867925,0.9074074074074074,0.6049382716049383,0.8305084745762712,0.8909090909090909,0.9423076923076923,0.5975609756097561,0.620253164556962
37,0.5833333333333334,0.5903614457831325,0.5903614457831325,0.5975609756097561,0.6049382716049383,0.5697674418604651,0.5632183908045977,0.5764705882352941,0.5568181818181818,0.5632183908045977,0.5833333333333334,0.5833333333333334,0.5833333333333334,0.5697674418604651,0.5833333333333334,0.5975609756097561,0.6125,0.5764705882352941,0.5833333333333334,0.5764705882352941,0.5903614457831325,0.6049382716049383,0.5975609756097561,0.5833333333333334,0.5764705882352941,0.5764705882352941,1.0,0.620253164556962,0.7205882352941176,0.9074074074074074,0.6125,0.5975609756097561,0.6901408450704225,1.0,0.6533333333333333,0.875,0.875,0.6447368421052632,0.9074074074074074,0.7,0.9245283018867925,0.98,1.0,0.9245283018867925,0.6049382716049383,0.8448275862068966,0.8909090909090909,0.98,0.5975609756097561,0.6125
74,0.5903614457831325,0.5833333333333334,0.5764705882352941,0.5833333333333334,0.5975609756097561,0.5833333333333334,0.5632183908045977,0.6049382716049383,0.5697674418604651,0.5632183908045977,0.5833333333333334,0.5764705882352941,0.5833333333333334,0.5697674418604651,0.5212765957446809,0.6049382716049383,0.6125,0.5764705882352941,0.5764705882352941,0.5697674418604651,0.6049382716049383,0.5975609756097561,0.5975609756097561,0.5697674418604651,0.5764705882352941,0.5764705882352941,0.98,0.6049382716049383,0.7205882352941176,0.875,0.6125,0.6049382716049383,0.6901408450704225,0.98,0.6125,0.8448275862068966,0.8596491228070176,0.6447368421052632,0.9074074074074074,0.6901408450704225,0.9245283018867925,0.9607843137254902,0.9607843137254902,0.8909090909090909,0.6049382716049383,0.8305084745762712,0.875,0.9607843137254902,0.5975609756097561,0.6125
77,0.5764705882352941,0.5764705882352941,0.5833333333333334,0.5903614457831325,0.5975609756097561,0.5697674418604651,0.5568181818181818,0.5764705882352941,0.5632183908045977,0.5632183908045977,0.5975609756097561,0.5833333333333334,0.5764705882352941,0.5833333333333334,0.5833333333333334,0.5903614457831325,0.6125,0.550561797752809,0.5833333333333334,0.5903614457831325,0.5975609756097561,0.5833333333333334,0.6049382716049383,0.5764705882352941,0.5764705882352941,0.5764705882352941,0.98,0.6125,0.7205882352941176,0.8909090909090909,0.6125,0.5903614457831325,0.6901408450704225,0.98,0.6363636363636364,0.875,0.875,0.6447368421052632,0.9074074074074074,0.6901408450704225,0.9245283018867925,0.98,0.9607843137254902,0.9074074074074074,0.6125,0.8305084745762712,0.9074074074074074,0.9607843137254902,0.6049382716049383,0.6125
75,0.5632183908045977,0.5764705882352941,0.5833333333333334,0.5833333333333334,0.6049382716049383,0.5697674418604651,0.5632183908045977,0.5903614457831325,0.5568181818181818,0.5632183908045977,0.6049382716049383,0.5975609756097561,0.5764705882352941,0.5903614457831325,0.5632183908045977,0.5903614457831325,0.5975609756097561,0.5632183908045977,0.5975609756097561,0.550561797752809,0.5903614457831325,0.5833333333333334,0.5903614457831325,0.5764705882352941,0.5764705882352941,0.5764705882352941,0.9607843137254902,0.6049382716049383,0.7205882352941176,0.8909090909090909,0.620253164556962,0.5903614457831325,0.6901408450704225,0.9607843137254902,0.6125,0.8596491228070176,0.8596491228070176,0.6447368421052632,0.9074074074074074,0.6901408450704225,0.9074074074074074,0.9607843137254902,0.9607843137254902,0.875,0.6049382716049383,0.8448275862068966,0.8909090909090909,0.9607843137254902,0.5903614457831325,0.5975609756097561
44,0.5764705882352941,0.5903614457831325,0.5975609756097561,0.5833333333333334,0.6125,0.5632183908045977,0.5764705882352941,0.5903614457831325,0.5697674418604651,0.5697674418604651,0.5764705882352941,0.5975609756097561,0.5764705882352941,0.5764705882352941,0.5764705882352941,0.6125,0.6125,0.5833333333333334,0.5833333333333334,0.5697674418604651,0.6049382716049383,0.6049382716049383,0.6125,0.5903614457831325,0.5833333333333334,0.5833333333333334,1.0,0.6049382716049383,0.7205882352941176,0.8909090909090909,0.620253164556962,0.6125,0.6901408450704225,1.0,0.620253164556962,0.875,0.8596491228070176,0.6447368421052632,0.9074074074074074,0.6901408450704225,0.9074074074074074,0.98,0.98,0.9074074074074074,0.6125,0.8448275862068966,0.8909090909090909,0.98,0.6125,0.6125
35,0.5697674418604651,0.5903614457831325,0.5903614457831325,0.5903614457831325,0.6125,0.5697674418604651,0.5632183908045977,0.5975609756097561,0.550561797752809,0.5764705882352941,0.6447368421052632,0.5833333333333334,0.5833333333333334,0.5833333333333334,0.5903614457831325,0.6282051282051282,0.6363636363636364,0.5632183908045977,0.6125,0.5697674418604651,0.6125,0.5833333333333334,0.5903614457831325,0.5697674418604651,0.5833333333333334,0.5833333333333334,1.0,0.620253164556962,0.7101449275362319,0.875,0.6363636363636364,0.6282051282051282,0.7,0.98,0.6282051282051282,0.8448275862068966,0.875,0.6533333333333333,0.9074074074074074,0.7205882352941176,0.8909090909090909,0.9607843137254902,0.9423076923076923,0.8909090909090909,0.6049382716049383,0.8448275862068966,0.9074074074074074,0.9607843137254902,0.5903614457831325,0.6363636363636364
78,0.5764705882352941,0.5833333333333334,0.6049382716049383,0.5903614457831325,0.6049382716049383,0.5632183908045977,0.5632183908045977,0.5975609756097561,0.5568181818181818,0.5568181818181818,0.6125,0.5833333333333334,0.5764705882352941,0.5833333333333334,0.550561797752809,0.6363636363636364,0.6363636363636364,0.5833333333333334,0.5903614457831325,0.5833333333333334,0.5903614457831325,0.5903614457831325,0.6125,0.5903614457831325,0.5833333333333334,0.5833333333333334,0.98,0.620253164556962,0.7205882352941176,0.8909090909090909,0.620253164556962,0.6363636363636364,0.7,0.98,0.6363636363636364,0.8596491228070176,0.875,0.6533333333333333,0.9074074074074074,0.7205882352941176,0.9074074074074074,0.9607843137254902,0.98,0.9074074074074074,0.6125,0.8305084745762712,0.9074074074074074,0.98,0.6125,0.6363636363636364
20,0.5764705882352941,0.5833333333333334,0.5975609756097561,0.5975609756097561,0.5975609756097561,0.5697674418604651,0.5632183908045977,0.5764705882352941,0.550561797752809,0.5764705882352941,0.5975609756097561,0.5764705882352941,0.5833333333333334,0.5764705882352941,0.5764705882352941,0.5903614457831325,0.6049382716049383,0.5903614457831325,0.5764705882352941,0.5764705882352941,0.5903614457831325,0.5903614457831325,0.5975609756097561,0.5975609756097561,0.5764705882352941,0.5764705882352941,1.0,0.6049382716049383,0.7424242424242424,0.8909090909090909,0.6125,0.5903614457831325,0.6901408450704225,1.0,0.6447368421052632,0.875,0.875,0.6447368421052632,0.9074074074074074,0.6901408450704225,0.9245283018867925,0.98,0.98,0.9074074074074074,0.6049382716049383,0.8448275862068966,0.8909090909090909,0.98,0.5975609756097561,0.6049382716049383
72,0.5833333333333334,0.5833333333333334,0.5833333333333334,0.5903614457831325,0.6282051282051282,0.5697674418604651,0.5632183908045977,0.6282051282051282,0.550561797752809,0.5697674418604651,0.5903614457831325,0.5833333333333334,0.5833333333333334,0.5903614457831325,0.5697674418604651,0.620253164556962,0.6049382716049383,0.5975609756097561,0.6049382716049383,0.5697674418604651,0.5903614457831325,0.6049382716049383,0.620253164556962,0.5697674418604651,0.5975609756097561,0.5975609756097561,1.0,0.6125,0.7313432835820896,0.8909090909090909,0.6282051282051282,0.620253164556962,0.7,1.0,0.6621621621621622,0.875,0.875,0.6621621621621622,0.9074074074074074,0.7313432835820896,0.9245283018867925,0.98,0.98,0.9074074074074074,0.6282051282051282,0.8448275862068966,0.8909090909090909,1.0,0.620253164556962,0.6049382716049383
71,0.5697674418604651,0.5764705882352941,0.5764705882352941,0.5903614457831325,0.6125,0.5632183908045977,0.5568181818181818,0.5764705882352941,0.5568181818181818,0.5568181818181818,0.620253164556962,0.5833333333333334,0.5764705882352941,0.5444444444444444,0.5764705882352941,0.5903614457831325,0.5975609756097561,0.5764705882352941,0.5975609756097561,0.5697674418604651,0.5903614457831325,0.5833333333333334,0.5764705882352941,0.5833333333333334,0.5975609756097561,0.5975609756097561,0.98,0.6049382716049383,0.7101449275362319,0.8909090909090909,0.620253164556962,0.5903614457831325,0.7,0.98,0.6282051282051282,0.8596491228070176,0.8596491228070176,0.6363636363636364,0.9074074074074074,0.6901408450704225,0.8909090909090909,0.9607843137254902,0.9245283018867925,0.875,0.6049382716049383,0.875,0.8909090909090909,0.9245283018867925,0.5764705882352941,0.5975609756097561
36,0.5764705882352941,0.5764705882352941,0.5833333333333334,0.5833333333333334,0.6049382716049383,0.5833333333333334,0.5697674418604651,0.5833333333333334,0.5632183908045977,0.5632183908045977,0.5903614457831325,0.5833333333333334,0.5903614457831325,0.5697674418604651,0.5697674418604651,0.5903614457831325,0.5975609756097561,0.5764705882352941,0.5764705882352941,0.5697674418604651,0.5975609756097561,0.5833333333333334,0.5975609756097561,0.5632183908045977,0.5833333333333334,0.5833333333333334,1.0,0.6049382716049383,0.7101449275362319,0.8909090909090909,0.620253164556962,0.5903614457831325,0.6805555555555556,1.0,0.6125,0.8596491228070176,0.8596491228070176,0.6363636363636364,0.9074074074074074,0.7101449275362319,0.9074074074074074,0.98,0.98,0.9074074074074074,0.6049382716049383,0.8448275862068966,0.8909090909090909,0.98,0.5975609756097561,0.5975609756097561
70,0.5903614457831325,0.5764705882352941,0.5764705882352941,0.5903614457831325,0.5975609756097561,0.5632183908045977,0.5697674418604651,0.5975609756097561,0.550561797752809,0.5568181818181818,0.5975609756097561,0.5764705882352941,0.5764705882352941,0.5697674418604651,0.550561797752809,0.5975609756097561,0.5975609756097561,0.5764705882352941,0.5833333333333334,0.5568181818181818,0.6049382716049383,0.5833333333333334,0.5975609756097561,0.5764705882352941,0.5833333333333334,0.5833333333333334,0.9607843137254902,0.6049382716049383,0.7101449275362319,0.8909090909090909,0.6125,0.5975609756097561,0.6901408450704225,0.9607843137254902,0.6363636363636364,0.8596491228070176,0.875,0.6363636363636364,0.9074074074074074,0.7,0.9074074074074074,0.98,0.98,0.9074074074074074,0.6125,0.8166666666666667,0.8909090909090909,0.9423076923076923,0.5975609756097561,0.5975609756097561
67,0.5697674418604651,0.5975609756097561,0.5764705882352941,0.6049382716049383,0.6282051282051282,0.5697674418604651,0.5632183908045977,0.620253164556962,0.550561797752809,0.5632183908045977,0.5903614457831325,0.5975609756097561,0.5833333333333334,0.5697674418604651,0.5764705882352941,0.6049382716049383,0.6049382716049383,0.5833333333333334,0.5975609756097561,0.5697674418604651,0.620253164556962,0.6049382716049383,0.5975609756097561,0.5764705882352941,0.5975609756097561,0.5975609756097561,1.0,0.6049382716049383,0.7101449275362319,0.8909090909090909,0.6447368421052632,0.6049382716049383,0.7,1.0,0.6712328767123288,0.875,0.875,0.6621621621621622,0.9074074074074074,0.7313432835820896,0.9245283018867925,0.98,0.98,0.9074074074074074,0.6363636363636364,0.8305084745762712,0.8909090909090909,0.98,0.5975609756097561,0.6049382716049383
84,0.5764705882352941,0.5833333333333334,0.5975609756097561,0.6125,0.5975609756097561,0.5697674418604651,0.5568181818181818,0.5833333333333334,0.5568181818181818,0.5632183908045977,0.6282051282051282,0.5764705882352941,0.5833333333333334,0.5764705882352941,0.5764705882352941,0.6049382716049383,0.5975609756097561,0.5764705882352941,0.5764705882352941,0.5833333333333334,0.5975609756097561,0.5833333333333334,0.5903614457831325,0.5764705882352941,0.5833333333333334,0.5833333333333334,1.0,0.6049382716049383,0.7313432835820896,0.8909090909090909,0.6125,0.6049382716049383,0.6901408450704225,1.0,0.6282051282051282,0.8596491228070176,0.875,0.6447368421052632,0.9074074074074074,0.7,0.9074074074074074,0.98,0.98,0.9074074074074074,0.620253164556962,0.8305084745762712,0.8909090909090909,0.98,0.5903614457831325,0.5975609756097561
87,0.5764705882352941,0.5764705882352941,0.5764705882352941,0.5975609756097561,0.6049382716049383,0.5632183908045977,0.5632183908045977,0.5764705882352941,0.550561797752809,0.5568181818181818,0.5975609756097561,0.5764705882352941,0.5568181818181818,0.5444444444444444,0.5833333333333334,0.6049382716049383,0.5975609756097561,0.5568181818181818,0.5903614457831325,0.5697674418604651,0.5975609756097561,0.5833333333333334,0.620253164556962,0.5903614457831325,0.5764705882352941,0.5764705882352941,0.9423076923076923,0.620253164556962,0.7205882352941176,0.9074074074074074,0.620253164556962,0.6049382716049383,0.7,0.9423076923076923,0.6282051282051282,0.8448275862068966,0.8596491228070176,0.6447368421052632,0.9245283018867925,0.6901408450704225,0.9074074074074074,0.9423076923076923,0.9245283018867925,0.875,0.620253164556962,0.8305084745762712,0.875,0.9245283018867925,0.620253164556962,0.5975609756097561
85,0.5697674418604651,0.5833333333333334,0.6049382716049383,0.5833333333333334,0.6049382716049383,0.5764705882352941,0.5568181818181818,0.5833333333333334,0.5697674418604651,0.5568181818181818,0.5975609756097561,0.5903614457831325,0.5903614457831325,0.5903614457831325,0.5833333333333334,0.5903614457831325,0.6049382716049383,0.5632183908045977,0.6049382716049383,0.5764705882352941,0.5975609756097561,0.5833333333333334,0.6049382716049383,0.5697674418604651,0.5833333333333334,0.5833333333333334,1.0,0.6049382716049383,0.7205882352941176,0.8909090909090909,0.6125,0.5903614457831325,0.6901408450704225,1.0,0.6447368421052632,0.875,0.875,0.6447368421052632,0.9074074074074074,0.6901408450704225,0.9245283018867925,0.98,0.9607843137254902,0.9074074074074074,0.6125,0.8305084745762712,0.8909090909090909,0.9607843137254902,0.6049382716049383,0.6049382716049383
86,0.5833333333333334,0.5903614457831325,0.5903614457831325,0.5833333333333334,0.6533333333333333,0.5833333333333334,0.5764705882352941,0.5903614457831325,0.550561797752809,0.5697674418604651,0.6049382716049383,0.5764705882352941,0.5833333333333334,0.5697674418604651,0.5697674418604651,0.5903614457831325,0.6282051282051282,0.5903614457831325,0.5903614457831325,0.5444444444444444,0.6049382716049383,0.6125,0.5903614457831325,0.5697674418604651,0.5764705882352941,0.5764705882352941,0.98,0.6049382716049383,0.7424242424242424,0.8909090909090909,0.620253164556962,0.5903614457831325,0.6901408450704225,0.98,0.620253164556962,0.8596491228070176,0.8909090909090909,0.6621621621621622,0.9074074074074074,0.6901408450704225,0.8909090909090909,0.9607843137254902,0.98,0.9074074074074074,0.6621621621621622,0.8305084745762712,0.8909090909090909,0.9607843137254902,0.5903614457831325,0.6282051282051282
34,0.5764705882352941,0.5833333333333334,0.5764705882352941,0.5833333333333334,0.6125,0.5632183908045977,0.5697674418604651,0.5903614457831325,0.5568181818181818,0.5833333333333334,0.5764705882352941,0.5833333333333334,0.5764705882352941,0.5764705882352941,0.5697674418604651,0.5903614457831325,0.5975609756097561,0.5764705882352941,0.5833333333333334,0.5697674418604651,0.5975609756097561,0.5975609756097561,0.6125,0.5833333333333334,0.5833333333333334,0.5833333333333334,1.0,0.6125,0.7101449275362319,0.8909090909090909,0.6125,0.5903614457831325,0.6901408450704225,1.0,0.6363636363636364,0.875,0.8596491228070176,0.6447368421052632,0.9074074074074074,0.6901408450704225,0.9074074074074074,0.98,0.98,0.9074074074074074,0.6125,0.8305084745762712,0.8909090909090909,0.98,0.6125,0.5975609756097561
33,0.5697674418604651,0.5975609756097561,0.5833333333333334,0.6049382716049383,0.5975609756097561,0.5697674418604651,0.5568181818181818,0.5833333333333334,0.5632183908045977,0.5568181818181818,0.620253164556962,0.5764705882352941,0.5764705882352941,0.5764705882352941,0.5697674418604651,0.6049382716049383,0.6125,0.550561797752809,0.5764705882352941,0.5764705882352941,0.620253164556962,0.5975609756097561,0.5903614457831325,0.5764705882352941,0.5833333333333334,0.5833333333333334,0.98,0.620253164556962,0.7205882352941176,0.8909090909090909,0.620253164556962,0.6125,0.7,0.98,0.6363636363636364,0.9074074074074074,0.875,0.6363636363636364,0.9074074074074074,0.7205882352941176,0.9245283018867925,0.98,0.9607843137254902,0.9074074074074074,0.6125,0.8305084745762712,0.8909090909090909,0.9607843137254902,0.5903614457831325,0.6125
17,0.5632183908045977,0.5833333333333334,0.5975609756097561,0.5975609756097561,0.6125,0.5632183908045977,0.5568181818181818,0.6125,0.5632183908045977,0.5632183908045977,0.5903614457831325,0.5764705882352941,0.5764705882352941,0.5903614457831325,0.5444444444444444,0.5903614457831325,0.6049382716049383,0.5764705882352941,0.5903614457831325,0.5764705882352941,0.5975609756097561,0.5903614457831325,0.5975609756097561,0.5903614457831325,0.5833333333333334,0.5833333333333334,0.98,0.6049382716049383,0.7424242424242424,0.8909090909090909,0.6282051282051282,0.5903614457831325,0.7,0.98,0.6447368421052632,0.875,0.875,0.6447368421052632,0.9074074074074074,0.7101449275362319,0.9245283018867925,0.9607843137254902,0.9607843137254902,0.9074074074074074,0.620253164556962,0.8305084745762712,0.8909090909090909,1.0,0.6049382716049383,0.6049382716049383
16,0.5697674418604651,0.6049382716049383,0.5903614457831325,0.5833333333333334,0.6049382716049383,0.5764705882352941,0.5568181818181818,0.5764705882352941,0.5833333333333334,0.5632183908045977,0.5833333333333334,0.5833333333333334,0.5833333333333334,0.5833333333333334,0.5764705882352941,0.5903614457831325,0.6049382716049383,0.5764705882352941,0.5833333333333334,0.5697674418604651,0.5975609756097561,0.5903614457831325,0.5975609756097561,0.5632183908045977,0.5764705882352941,0.5764705882352941,1.0,0.6049382716049383,0.7101449275362319,0.8909090909090909,0.6125,0.5903614457831325,0.6901408450704225,1.0,0.6125,0.8596491228070176,0.8596491228070176,0.6447368421052632,0.9074074074074074,0.6901408450704225,0.9074074074074074,0.98,0.9607843137254902,0.8909090909090909,0.6049382716049383,0.8305084745762712,0.8909090909090909,0.98,0.5975609756097561,0.6049382716049383
69,0.5764705882352941,0.5833333333333334,0.5833333333333334,0.6049382716049383,0.620253164556962,0.5632183908045977,0.5568181818181818,0.5764705882352941,0.550561797752809,0.5697674418604651,0.5903614457831325,0.5833333333333334,0.5833333333333334,0.5764705882352941,0.5697674418604651,0.6125,0.5975609756097561,0.5764705882352941,0.5903614457831325,0.5764705882352941,0.6125,0.5975609756097561,0.6282051282051282,0.5833333333333334,0.5903614457831325,0.5903614457831325,1.0,0.6049382716049383,0.7101449275362319,0.8909090909090909,0.6363636363636364,0.6125,0.6901408450704225,1.0,0.6447368421052632,0.875,0.875,0.6363636363636364,0.9074074074074074,0.6901408450704225,0.9074074074074074,0.9607843137254902,0.98,0.9074074074074074,0.6125,0.8305084745762712,0.9074074074074074,0.98,0.6282051282051282,0.5975609756097561
66,0.5697674418604651,0.5833333333333334,0.5833333333333334,0.5975609756097561,0.6125,0.5697674418604651,0.5764705882352941,0.5764705882352941,0.5568181818181818,0.5833333333333334,0.6125,0.5764705882352941,0.5903614457831325,0.5697674418604651,0.532608695652174,0.6125,0.5975609756097561,0.5903614457831325,0.5833333333333334,0.5568181818181818,0.6049382716049383,0.5903614457831325,0.6125,0.5833333333333334,0.5833333333333334,0.5833333333333334,0.9607843137254902,0.6125,0.7205882352941176,0.8909090909090909,0.6125,0.6125,0.7,0.9607843137254902,0.6363636363636364,0.8596491228070176,0.875,0.6363636363636364,0.9074074074074074,0.7,0.9074074074074074,0.9607843137254902,0.9607843137254902,0.8909090909090909,0.6125,0.8305084745762712,0.9074074074074074,0.9607843137254902,0.5975609756097561,0.5975609756097561
39,0.5697674418604651,0.5975609756097561,0.5833333333333334,0.6049382716049383,0.620253164556962,0.5632183908045977,0.5568181818181818,0.5764705882352941,0.550561797752809,0.5632183908045977,0.5833333333333334,0.5903614457831325,0.5764705882352941,0.5833333333333334,0.5697674418604651,0.5975609756097561,0.6125,0.5903614457831325,0.5903614457831325,0.5764705882352941,0.6447368421052632,0.620253164556962,0.5632183908045977,0.5975609756097561,0.5764705882352941,0.5764705882352941,0.9607843137254902,0.6282051282051282,0.7313432835820896,0.8909090909090909,0.6125,0.5975609756097561,0.7101449275362319,0.9607843137254902,0.6282051282051282,0.8596491228070176,0.8305084745762712,0.6533333333333333,0.9423076923076923,0.7,0.875,0.9423076923076923,0.9423076923076923,0.875,0.6125,0.8305084745762712,0.8596491228070176,0.9423076923076923,0.5632183908045977,0.6125
92,0.5764705882352941,0.5764705882352941,0.5833333333333334,0.5975609756097561,0.5975609756097561,0.5632183908045977,0.5568181818181818,0.5764705882352941,0.550561797752809,0.5632183908045977,0.5833333333333334,0.5764705882352941,0.5764705882352941,0.5764705882352941,0.5764705882352941,0.5903614457831325,0.6049382716049383,0.5833333333333334,0.5764705882352941,0.5833333333333334,0.6049382716049383,0.6282051282051282,0.6049382716049383,0.5697674418604651,0.5903614457831325,0.5903614457831325,1.0,0.6125,0.7424242424242424,0.8909090909090909,0.620253164556962,0.5903614457831325,0.6901408450704225,1.0,0.6447368421052632,0.875,0.875,0.6533333333333333,0.9074074074074074,0.7,0.9245283018867925,0.98,0.98,0.9074074074074074,0.620253164556962,0.8305084745762712,0.8909090909090909,0.98,0.6049382716049383,0.6049382716049383
91,0.5697674418604651,0.5764705882352941,0.5833333333333334,0.5903614457831325,0.6125,0.5632183908045977,0.5568181818181818,0.5833333333333334,0.550561797752809,0.5568181818181818,0.5833333333333334,0.5903614457831325,0.5764705882352941,0.5764705882352941,0.5764705882352941,0.5903614457831325,0.6049382716049383,0.5833333333333334,0.5833333333333334,0.5833333333333334,0.5903614457831325,0.6049382716049383,0.5903614457831325,0.5833333333333334,0.5764705882352941,0.5764705882352941,1.0,0.6049382716049383,0.7205882352941176,0.8909090909090909,0.5975609756097561,0.5903614457831325,0.6901408450704225,1.0,0.620253164556962,0.8596491228070176,0.875,0.6447368421052632,0.9074074074074074,0.6901408450704225,0.9074074074074074,0.98,0.98,0.9074074074074074,0.6049382716049383,0.8305084745762712,0.8909090909090909,0.9607843137254902,0.5903614457831325,0.6049382716049383
73,0.5697674418604651,0.5833333333333334,0.5903614457831325,0.5975609756097561,0.6049382716049383,0.5903614457831325,0.5632183908045977,0.5833333333333334,0.5568181818181818,0.5632183908045977,0.5764705882352941,0.6049382716049383,0.5903614457831325,0.5697674418604651,0.5833333333333334,0.5903614457831325,0.620253164556962,0.5833333333333334,0.5833333333333334,0.620253164556962,0.6125,0.6125,0.5975609756097561,0.5833333333333334,0.5833333333333334,0.5833333333333334,1.0,0.5975609756097561,0.7205882352941176,0.8909090909090909,0.620253164556962,0.5903614457831325,0.7,1.0,0.6447368421052632,0.875,0.875,0.6621621621621622,0.9074074074074074,0.7101449275362319,0.9074074074074074,0.98,0.98,0.9074074074074074,0.6447368421052632,0.8305084745762712,0.8909090909090909,0.98,0.5975609756097561,0.620253164556962
95,0.5632183908045977,0.5833333333333334,0.5833333333333334,0.6049382716049383,0.5975609756097561,0.5697674418604651,0.5632183908045977,0.620253164556962,0.5568181818181818,0.5568181818181818,0.6125,0.5764705882352941,0.6049382716049383,0.5833333333333334,0.5444444444444444,0.6282051282051282,0.6125,0.5833333333333334,0.6125,0.5697674418604651,0.5903614457831325,0.6049382716049383,0.6282051282051282,0.6049382716049383,0.5833333333333334,0.5833333333333334,0.98,0.6125,0.7101449275362319,0.875,0.6363636363636364,0.6282051282051282,0.7,0.98,0.6363636363636364,0.8448275862068966,0.8596491228070176,0.6621621621621622,0.9074074074074074,0.7205882352941176,0.9245283018867925,0.9607843137254902,0.9607843137254902,0.8909090909090909,0.6125,0.8305084745762712,0.8909090909090909,0.9607843137254902,0.6282051282051282,0.6125
93,0.5697674418604651,0.5975609756097561,0.5833333333333334,0.5975609756097561,0.6282051282051282,0.5697674418604651,0.5632183908045977,0.6125,0.5568181818181818,0.5632183908045977,0.5903614457831325,0.5975609756097561,0.5764705882352941,0.6049382716049383,0.5903614457831325,0.6049382716049383,0.5975609756097561,0.5764705882352941,0.5975609756097561,0.5697674418604651,0.5975609756097561,0.5903614457831325,0.5975609756097561,0.5833333333333334,0.5975609756097561,0.5975609756097561,1.0,0.6447368421052632,0.7205882352941176,0.8909090909090909,0.6282051282051282,0.6049382716049383,0.6901408450704225,1.0,0.6363636363636364,0.875,0.875,0.6533333333333333,0.9074074074074074,0.7101449275362319,0.9245283018867925,0.98,0.98,0.9074074074074074,0.6125,0.8305084745762712,0.8909090909090909,0.98,0.5975609756097561,0.5975609756097561
94,0.6125,0.5833333333333334,0.5975609756097561,0.5975609756097561,0.6125,0.5833333333333334,0.5632183908045977,0.5764705882352941,0.5632183908045977,0.5632183908045977,0.5833333333333334,0.5975609756097561,0.5833333333333334,0.5833333333333334,0.5632183908045977,0.620253164556962,0.620253164556962,0.5764705882352941,0.5833333333333334,0.550561797752809,0.6125,0.5833333333333334,0.6049382716049383,0.5764705882352941,0.5764705882352941,0.5764705882352941,0.9607843137254902,0.6049382716049383,0.7205882352941176,0.8909090909090909,0.6125,0.620253164556962,0.7,0.9607843137254902,0.6363636363636364,0.8448275862068966,0.8596491228070176,0.6621621621621622,0.9074074074074074,0.6901408450704225,0.9074074074074074,0.9607843137254902,0.9607843137254902,0.8909090909090909,0.6049382716049383,0.8448275862068966,0.8909090909090909,0.9423076923076923,0.6049382716049383,0.620253164556962
64,0.5764705882352941,0.5833333333333334,0.5764705882352941,0.5903614457831325,0.6049382716049383,0.5632183908045977,0.5568181818181818,0.5764705882352941,0.5568181818181818,0.5568181818181818,0.5903614457831325,0.5764705882352941,0.5764705882352941,0.5764705882352941,0.5697674418604651,0.5903614457831325,0.5975609756097561,0.5833333333333334,0.5764705882352941,0.5697674418604651,0.5903614457831325,0.5833333333333334,0.5975609756097561,0.5764705882352941,0.5764705882352941,0.5764705882352941,1.0,0.6049382716049383,0.7205882352941176,0.8909090909090909,0.6125,0.5903614457831325,0.6901408450704225,1.0,0.6363636363636364,0.875,0.875,0.6533333333333333,0.9074074074074074,0.6901408450704225,0.9245283018867925,0.98,0.98,0.9074074074074074,0.6125,0.8448275862068966,0.9074074074074074,0.98,0.5975609756097561,0.5975609756097561
63,0.5764705882352941,0.5903614457831325,0.5833333333333334,0.5975609756097561,0.5975609756097561,0.5697674418604651,0.5568181818181818,0.5833333333333334,0.5632183908045977,0.5568181818181818,0.5975609756097561,0.5975609756097561,0.5833333333333334,0.5764705882352941,0.5697674418604651,0.5903614457831325,0.5975609756097561,0.5764705882352941,0.5903614457831325,0.550561797752809,0.5903614457831325,0.5833333333333334,0.6282051282051282,0.5833333333333334,0.6049382716049383,0.6049382716049383,0.98,0.620253164556962,0.7205882352941176,0.9074074074074074,0.6125,0.5903614457831325,0.7,0.98,0.6363636363636364,0.875,0.8596491228070176,0.6447368421052632,0.9074074074074074,0.7101449275362319,0.9074074074074074,0.9607843137254902,0.98,0.9074074074074074,0.6049382716049383,0.8448275862068966,0.9074074074074074,0.9607843137254902,0.620253164556962,0.5975609756097561
32,0.5764705882352941,0.5764705882352941,0.5833333333333334,0.5833333333333334,0.6125,0.5568181818181818,0.5568181818181818,0.5833333333333334,0.5051546391752577,0.5568181818181818,0.620253164556962,0.5764705882352941,0.5833333333333334,0.5697674418604651,0.5697674418604651,0.5975609756097561,0.5975609756097561,0.5764705882352941,0.5903614457831325,0.5697674418604651,0.5903614457831325,0.5975609756097561,0.5903614457831325,0.5833333333333334,0.5764705882352941,0.5764705882352941,0.98,0.6049382716049383,0.7313432835820896,0.8909090909090909,0.620253164556962,0.5975609756097561,0.6901408450704225,0.98,0.6447368421052632,0.875,0.875,0.6447368421052632,0.9074074074074074,0.7101449275362319,0.9074074074074074,0.98,0.9607843137254902,0.8909090909090909,0.6125,0.8448275862068966,0.8909090909090909,0.9607843137254902,0.5903614457831325,0.5975609756097561
31,0.5632183908045977,0.5833333333333334,0.5764705882352941,0.620253164556962,0.6125,0.5697674418604651,0.5568181818181818,0.5833333333333334,0.550561797752809,0.5833333333333334,0.620253164556962,0.5764705882352941,0.5764705882352941,0.5697674418604651,0.550561797752809,0.6125,0.6447368421052632,0.5833333333333334,0.5975609756097561,0.5384615384615384,0.5903614457831325,0.6049382716049383,0.5903614457831325,0.5833333333333334,0.5764705882352941,0.5764705882352941,0.9607843137254902,0.620253164556962,0.7313432835820896,0.8909090909090909,0.6363636363636364,0.6125,0.7,0.9607843137254902,0.6447368421052632,0.875,0.875,0.6805555555555556,0.9074074074074074,0.7,0.9074074074074074,0.9423076923076923,0.9423076923076923,0.9074074074074074,0.6282051282051282,0.8448275862068966,0.9074074074074074,0.9607843137254902,0.5903614457831325,0.6447368421052632
26,0.5903614457831325,0.5903614457831325,0.5903614457831325,0.6049382716049383,0.6049382716049383,0.5697674418604651,0.5697674418604651,0.6049382716049383,0.550561797752809,0.5903614457831325,0.6049382716049383,0.5833333333333334,0.5764705882352941,0.5697674418604651,0.5764705882352941,0.6125,0.6049382716049383,0.5764705882352941,0.6125,0.5212765957446809,0.620253164556962,0.6049382716049383,0.5903614457831325,0.5697674418604651,0.5903614457831325,0.5903614457831325,0.98,0.6049382716049383,0.7424242424242424,0.8596491228070176,0.6282051282051282,0.6125,0.6901408450704225,0.98,0.6363636363636364,0.875,0.8596491228070176,0.6533333333333333,0.8909090909090909,0.7205882352941176,0.9074074074074074,0.9607843137254902,0.9607843137254902,0.9245283018867925,0.6125,0.8305084745762712,0.9423076923076923,0.9607843137254902,0.5903614457831325,0.6049382716049383
15,0.5697674418604651,0.5833333333333334,0.6049382716049383,0.5903614457831325,0.6049382716049383,0.5903614457831325,0.5568181818181818,0.6049382716049383,0.5632183908045977,0.5568181818181818,0.6049382716049383,0.5764705882352941,0.5833333333333334,0.5833333333333334,0.5764705882352941,0.6049382716049383,0.5975609756097561,0.5903614457831325,0.5833333333333334,0.532608695652174,0.5903614457831325,0.5903614457831325,0.5903614457831325,0.5903614457831325,0.5833333333333334,0.5833333333333334,0.98,0.6282051282051282,0.7205882352941176,0.8909090909090909,0.620253164556962,0.6049382716049383,0.6901408450704225,0.98,0.6447368421052632,0.875,0.8596491228070176,0.6447368421052632,0.9074074074074074,0.6901408450704225,0.9074074074074074,0.9607843137254902,0.9607843137254902,0.8909090909090909,0.6125,0.8305084745762712,0.9245283018867925,0.9607843137254902,0.5903614457831325,0.5975609756097561
99,0.5975609756097561,0.5903614457831325,0.5833333333333334,0.5833333333333334,0.6049382716049383,0.5697674418604651,0.5568181818181818,0.5903614457831325,0.550561797752809,0.5833333333333334,0.5764705882352941,0.5833333333333334,0.5764705882352941,0.5697674418604651,0.5568181818181818,0.5903614457831325,0.6049382716049383,0.5764705882352941,0.5903614457831325,0.5833333333333334,0.5975609756097561,0.5903614457831325,0.5975609756097561,0.5764705882352941,0.5764705882352941,0.5764705882352941,0.98,0.6049382716049383,0.7313432835820896,0.9074074074074074,0.6282051282051282,0.5903614457831325,0.6901408450704225,0.98,0.6533333333333333,0.875,0.875,0.6447368421052632,0.9074074074074074,0.7101449275362319,0.9245283018867925,0.9607843137254902,0.9607843137254902,0.9074074074074074,0.6125,0.8305084745762712,0.8909090909090909,0.98,0.5975609756097561,0.6049382716049383
98,0.5764705882352941,0.5764705882352941,0.5833333333333334,0.5975609756097561,0.6049382716049383,0.5632183908045977,0.5632183908045977,0.5833333333333334,0.550561797752809,0.5697674418604651,0.5975609756097561,0.5833333333333334,0.5833333333333334,0.5833333333333334,0.5697674418604651,0.6125,0.6282051282051282,0.5764705882352941,0.6049382716049383,0.5833333333333334,0.5903614457831325,0.6125,0.5903614457831325,0.5764705882352941,0.5764705882352941,0.5764705882352941,1.0,0.620253164556962,0.7424242424242424,0.9074074074074074,0.6125,0.6125,0.7,1.0,0.6363636363636364,0.875,0.875,0.6363636363636364,0.9074074074074074,0.6901408450704225,0.9245283018867925,0.98,0.98,0.9074074074074074,0.6049382716049383,0.8305084745762712,0.8909090909090909,0.98,0.5903614457831325,0.6282051282051282
10,0.5833333333333334,0.5903614457831325,0.5903614457831325,0.6049382716049383,0.5975609756097561,0.5632183908045977,0.5568181818181818,0.5764705882352941,0.550561797752809,0.5632183908045977,0.6049382716049383,0.5903614457831325,0.5833333333333334,0.5697674418604651,0.5833333333333334,0.620253164556962,0.5975609756097561,0.5903614457831325,0.5764705882352941,0.5697674418604651,0.5903614457831325,0.5903614457831325,0.620253164556962,0.5903614457831325,0.6125,0.6125,1.0,0.6282051282051282,0.7205882352941176,0.8909090909090909,0.620253164556962,0.620253164556962,0.6901408450704225,1.0,0.6447368421052632,0.875,0.875,0.6447368421052632,0.9074074074074074,0.7,0.9074074074074074,0.98,0.98,0.8909090909090909,0.6125,0.8448275862068966,0.9074074074074074,0.98,0.620253164556962,0.5975609756097561
7,0.5975609756097561,0.5833333333333334,0.5975609756097561,0.5903614457831325,0.6049382716049383,0.5697674418604651,0.5903614457831325,0.5833333333333334,0.5632183908045977,0.550561797752809,0.5903614457831325,0.5764705882352941,0.5903614457831325,0.5764705882352941,0.5697674418604651,0.5975609756097561,0.6049382716049383,0.5764705882352941,0.5903614457831325,0.5697674418604651,0.6049382716049383,0.5833333333333334,0.6049382716049383,0.5632183908045977,0.5833333333333334,0.5833333333333334,0.98,0.6125,0.7205882352941176,0.8909090909090909,0.6282051282051282,0.5975609756097561,0.6901408450704225,0.98,0.6533333333333333,0.875,0.875,0.6363636363636364,0.9074074074074074,0.7,0.9245283018867925,0.98,0.9245283018867925,0.8596491228070176,0.6125,0.8305084745762712,0.8909090909090909,0.98,0.6049382716049383,0.6049382716049383
